{"train/loss": 2.9446, "train/grad_norm": 18329.744140625, "train/learning_rate": 4.9093002372030936e-05, "train/epoch": 0.4, "train/global_step": 260, "_timestamp": 1712598081.237001, "_runtime": 126.6510899066925, "_step": 25}