{"train/loss": 3.2273, "train/grad_norm": 11201.9189453125, "train/learning_rate": 1.5151515151515153e-05, "train/epoch": 0.05, "train/global_step": 30, "_timestamp": 1712597820.0211298, "_runtime": 38.41912078857422, "_step": 2}