{"train/loss": 1.7903, "train/grad_norm": 18965.013671875, "train/learning_rate": 3.4096741493194197e-07, "train/epoch": 3.0, "train/global_step": 21, "_timestamp": 1712598290.8313026, "_runtime": 22.233619689941406, "_step": 2, "train_runtime": 23.4578, "train_samples_per_second": 12.789, "train_steps_per_second": 0.895, "total_flos": 157862382796800.0, "train_loss": 1.8293286959330242, "_wandb": {"runtime": 21}}