{"train/loss": 1.7557, "train/grad_norm": 0.23238304257392883, "train/learning_rate": 1.428063863472895e-06, "train/epoch": 3.0, "train/global_step": 78, "_timestamp": 1712594595.0209394, "_runtime": 82.66923832893372, "_step": 7, "train_runtime": 84.1474, "train_samples_per_second": 14.439, "train_steps_per_second": 0.927, "total_flos": 639342650327040.0, "train_loss": 1.750590055416792, "_wandb": {"runtime": 82}}