{"train/loss": 3.0941, "train/grad_norm": 13365.8779296875, "train/learning_rate": 4.0404040404040405e-05, "train/epoch": 0.12, "train/global_step": 80, "_timestamp": 1712597568.2141528, "_runtime": 95.84208679199219, "_step": 7}