{"train/loss": 1.8462, "train/grad_norm": 25596.990234375, "train/learning_rate": 2.2693291013417453e-05, "train/epoch": 3.0, "train/global_step": 18, "_timestamp": 1712598144.808821, "_runtime": 20.102836847305298, "_step": 1, "train_runtime": 21.2849, "train_samples_per_second": 11.98, "train_steps_per_second": 0.846, "total_flos": 134183025377280.0, "train_loss": 1.84336609310574, "_wandb": {"runtime": 19}}