{"train/loss": 3.1771, "train/grad_norm": 17630.396484375, "train/learning_rate": 1.0101010101010101e-05, "train/epoch": 0.03, "train/global_step": 20, "_timestamp": 1712597210.347482, "_runtime": 30.589074850082397, "_step": 1}