{"train/loss": 3.1771, "train/grad_norm": 18085.66796875, "train/learning_rate": 1.0101010101010101e-05, "train/epoch": 0.03, "train/global_step": 20, "_timestamp": 1712597650.6798723, "_runtime": 26.803415298461914, "_step": 1}