{"train_runtime": 26.3385, "train_samples_per_second": 11.96, "train_steps_per_second": 0.797, "total_flos": 165755501936640.0, "train_loss": 1.7362447466169084, "train/epoch": 3.0, "train/global_step": 21, "_timestamp": 1712592034.397129, "_runtime": 24.802855968475342, "_step": 0, "_wandb": {"runtime": 24}}