{"train/loss": 1.6606, "train/grad_norm": 13045.6982421875, "train/learning_rate": 4.700738787466463e-09, "train/epoch": 3.0, "train/global_step": 171, "_timestamp": 1712618601.1381614, "_runtime": 196.22573447227478, "_step": 17, "train_runtime": 197.9291, "train_samples_per_second": 13.793, "train_steps_per_second": 0.864, "total_flos": 1436547683450880.0, "train_loss": 1.6566215844182244, "_wandb": {"runtime": 195}}