{"train_runtime": 27.6893, "train_samples_per_second": 11.376, "train_steps_per_second": 0.758, "total_flos": 165755501936640.0, "train_loss": 1.7365499223981584, "train/epoch": 3.0, "train/global_step": 21, "_timestamp": 1712592469.8292925, "_runtime": 25.298900604248047, "_step": 0, "_wandb": {"runtime": 24}}