{"train/loss": 1.7674, "train/grad_norm": 0.279168039560318, "train/learning_rate": 6.951097651136889e-06, "train/epoch": 3.0, "train/global_step": 39, "_timestamp": 1712593909.9531698, "_runtime": 44.52582287788391, "_step": 3, "train_runtime": 45.755, "train_samples_per_second": 13.441, "train_steps_per_second": 0.852, "total_flos": 323617884733440.0, "train_loss": 1.7561210241073217, "_wandb": {"runtime": 44}}