{"train/loss": 1.7757, "train/grad_norm": 0.26044976711273193, "train/learning_rate": 2.606103007990371e-05, "train/epoch": 1.54, "train/global_step": 20, "_timestamp": 1712593618.9992547, "_runtime": 25.106881618499756, "_step": 1}